<?xml version="1.0" encoding="UTF-8"?>
<project-private xmlns="http://www.netbeans.org/ns/project-private/1">
    <editor-bookmarks xmlns="http://www.netbeans.org/ns/editor-bookmarks/2" lastBookmarkId="0"/>
    <open-files xmlns="http://www.netbeans.org/ns/projectui-open-files/2">
        <group>
            <file>file:/C:/Users/jawoosh/OneDrive%20-%20adesso%20Group/Dokumente/NetBeansProjects/Project_Praxis_Patientsystem/src/project_praxis_patientsystem/Patient_Regestier_System_MySQL.java</file>
            <file>file:/C:/Users/jawoosh/OneDrive%20-%20adesso%20Group/Dokumente/NetBeansProjects/Project_Praxis_Patientsystem/src/project_praxis_patientsystem/SignIN_MySQL.java</file>
            <file>file:/C:/Users/jawoosh/OneDrive%20-%20adesso%20Group/Dokumente/NetBeansProjects/Project_Praxis_Patientsystem/src/project_praxis_patientsystem/searchMySQL.java</file>
            <file>file:/C:/Users/jawoosh/OneDrive%20-%20adesso%20Group/Dokumente/NetBeansProjects/Project_Praxis_Patientsystem/src/project_praxis_patientsystem/DetailsMySQL.java</file>
            <file>file:/C:/Users/jawoosh/OneDrive%20-%20adesso%20Group/Dokumente/NetBeansProjects/Project_Praxis_Patientsystem/src/project_praxis_patientsystem/SignUP_MySQL.java</file>
        </group>
    </open-files>
</project-private>
